id,time,sentiment,score
624264996713725952,2015-07-23 17:09:08,Positive,85.4883
624264609478807552,2015-07-23 17:07:35,Positive,73.9948
624263760836870144,2015-07-23 17:04:13,Positive,65.2239
623909554040868864,2015-07-22 17:36:44,Positive,63.9101
623552073800396801,2015-07-21 17:56:14,Neutral,58.3314
623194510093254656,2015-07-20 18:15:24,Neutral,50.2781
623028754269405184,2015-07-20 07:16:44,Positive,75.4711
620634349914841088,2015-07-13 16:42:14,Neutral,61.6642
618827410700505088,2015-07-08 17:02:06,Negative,62.4558
618187570707460097,2015-07-06 22:39:36,Neutral,55.6246
618187529154527232,2015-07-06 22:39:26,Positive,98.1490
618106496539209728,2015-07-06 17:17:27,Positive,75.4345
617726868687470596,2015-07-05 16:08:56,Positive,65.1086
617043634689413122,2015-07-03 18:54:01,Positive,62.3253
616816083576590336,2015-07-03 03:49:48,Negative,81.2769
612143385864843264,2015-06-20 06:22:10,Neutral,53.1395
611001317662683136,2015-06-17 02:44:00,Positive,95.9093
610069242377965568,2015-06-14 13:00:16,Neutral,50.0000
607898181876072448,2015-06-08 13:13:15,Positive,73.9658
607016888258805760,2015-06-06 02:51:18,Positive,98.4014
605369584149917696,2015-06-01 13:45:30,Positive,82.0809
600296160826261504,2015-05-18 13:45:32,Neutral,53.9995
596730608807608320,2015-05-08 17:37:18,Neutral,52.8983
595471406319607808,2015-05-05 06:13:41,Positive,99.8897
595428927876767745,2015-05-05 03:24:53,Positive,79.4146
595428343761219584,2015-05-05 03:22:34,Positive,80.0256
595374138119749633,2015-05-04 23:47:10,Positive,86.3522
594678423215153152,2015-05-03 01:42:39,Positive,93.7494
591040849342922753,2015-04-23 00:48:14,Neutral,50.0000
590898824958226432,2015-04-22 15:23:52,Neutral,50.0000
590898733841141762,2015-04-22 15:23:31,Positive,99.8266
590807994138398722,2015-04-22 09:22:57,Neutral,50.0000
590564647461335041,2015-04-21 17:15:58,Neutral,56.1798
590412534273822720,2015-04-21 07:11:32,Neutral,58.6016
590410217738743808,2015-04-21 07:02:19,Neutral,54.1000
590381431257305088,2015-04-21 05:07:56,Neutral,59.9713
590371696005156865,2015-04-21 04:29:15,Neutral,50.4359
590339965340372992,2015-04-21 02:23:10,Neutral,62.1994
590320422379356160,2015-04-21 01:05:30,Positive,68.2501
590320405837058050,2015-04-21 01:05:27,Positive,63.5112
590320372651659264,2015-04-21 01:05:19,Positive,65.0836
590319130596675584,2015-04-21 01:00:22,Neutral,50.0000
590317355193872384,2015-04-21 00:53:19,Positive,99.9929
590316035091271680,2015-04-21 00:48:04,Negative,74.4037
590185967887077376,2015-04-20 16:11:14,Neutral,50.4624
590168074956906496,2015-04-20 15:00:08,Neutral,59.5349
590166917870067713,2015-04-20 14:55:32,Positive,95.7293
589376242090053632,2015-04-18 10:33:40,Positive,86.5422
588758942060126208,2015-04-16 17:40:45,Negative,66.8247
588303880686972928,2015-04-15 11:32:29,Positive,87.3012
587869162002710529,2015-04-14 06:45:04,Neutral,60.7074
587226229247356930,2015-04-12 12:10:17,Neutral,50.0000
587225918512336898,2015-04-12 12:09:03,Positive,98.2144
587192655341162496,2015-04-12 09:56:53,Neutral,50.0000
587191156892536832,2015-04-12 09:50:55,Positive,98.5096
587169496797855744,2015-04-12 08:24:51,Positive,64.1415
587107702377058304,2015-04-12 04:19:18,Positive,85.9708
586942738760761344,2015-04-11 17:23:48,Positive,75.5564
586584715685003264,2015-04-10 17:41:09,Negative,65.1183
586496450063806464,2015-04-10 11:50:24,Neutral,58.3560
586442020039688192,2015-04-10 08:14:07,Positive,77.6901
586412911829979136,2015-04-10 06:18:27,Neutral,50.0000
586093748947288064,2015-04-09 09:10:13,Neutral,58.4586
586093590964604929,2015-04-09 09:09:35,Neutral,50.0000
585474443415257088,2015-04-07 16:09:19,Neutral,50.0000
585137181913669633,2015-04-06 17:49:10,Neutral,50.0000
585108636701220864,2015-04-06 15:55:44,Neutral,50.0000
585107994154770432,2015-04-06 15:53:11,Neutral,50.0000
585107590536892416,2015-04-06 15:51:35,Neutral,50.0000
585047984557072384,2015-04-06 11:54:43,Neutral,56.3266
585034972542533632,2015-04-06 11:03:01,Neutral,56.3266
585028313816510464,2015-04-06 10:36:33,Neutral,50.0000
585025462692225024,2015-04-06 10:25:14,Positive,90.1244
585021843322441729,2015-04-06 10:10:51,Positive,67.7769
585021812171415552,2015-04-06 10:10:43,Neutral,55.2224
585021508881223680,2015-04-06 10:09:31,Neutral,62.1377
585020110890369025,2015-04-06 10:03:58,Neutral,56.3266
585018689788846080,2015-04-06 09:58:19,Neutral,50.0000
585017665036558336,2015-04-06 09:54:15,Neutral,53.4885
585002443403964416,2015-04-06 08:53:45,Negative,72.4388
584682528159563776,2015-04-05 11:42:32,Positive,71.5354
584669861407633409,2015-04-05 10:52:12,Positive,74.3843
584356722380120067,2015-04-04 14:07:54,Positive,82.2804
584036919773761536,2015-04-03 16:57:07,Positive,98.5709
583676322385235969,2015-04-02 17:04:14,Positive,63.9101
583673436502827008,2015-04-02 16:52:46,Positive,95.9694
583517177858228224,2015-04-02 06:31:51,Positive,88.8762
583350414969479168,2015-04-01 19:29:11,Neutral,50.0000
581883870993391616,2015-03-28 18:21:40,Positive,74.6511
581881088370442240,2015-03-28 18:10:36,Positive,65.0878
581792244421783552,2015-03-28 12:17:34,Neutral,54.8508
580771932494155776,2015-03-25 16:43:13,Neutral,54.4587
580755590542049281,2015-03-25 15:38:17,Positive,92.8888
578941949815570432,2015-03-20 15:31:31,Positive,78.8993
578603090825232384,2015-03-19 17:05:01,Positive,69.4240
578590290593783809,2015-03-19 16:14:09,Neutral,50.0000
578244038685372416,2015-03-18 17:18:16,Positive,64.8667
576683469666787328,2015-03-14 09:57:08,Positive,62.5565
576682701102526464,2015-03-14 09:54:04,Neutral,50.0000
576260325130960896,2015-03-13 05:55:42,Positive,80.5561
576232039889788928,2015-03-13 04:03:18,Positive,96.9284
576230004285026304,2015-03-13 03:55:13,Negative,64.1454
573445845611204608,2015-03-05 11:31:58,Positive,65.4641
573324130935701504,2015-03-05 03:28:19,Neutral,51.2231
572078873971572736,2015-03-01 17:00:06,Neutral,50.0000
570935183412580353,2015-02-26 13:15:29,Positive,67.0176
570088666095226880,2015-02-24 05:11:44,Positive,98.5000
569317933995814912,2015-02-22 02:09:07,Neutral,51.6020
569162049135050752,2015-02-21 15:49:41,Neutral,50.0000
569160029531607040,2015-02-21 15:41:40,Positive,98.8498
569158744577171457,2015-02-21 15:36:33,Neutral,51.4447
568937513340923904,2015-02-21 00:57:28,Positive,96.3060
568378356091080704,2015-02-19 11:55:34,Neutral,50.0000
567531977343905792,2015-02-17 03:52:22,Neutral,50.0419
567352625385836544,2015-02-16 15:59:41,Positive,99.4266
566653358199427072,2015-02-14 17:41:03,Positive,94.8184
566558915425337348,2015-02-14 11:25:46,Positive,71.2055
566554945587912704,2015-02-14 11:09:59,Positive,77.8355
566544859985485826,2015-02-14 10:29:55,Neutral,50.0000
566543096276480000,2015-02-14 10:22:54,Positive,78.0828
566543082791780354,2015-02-14 10:22:51,Positive,67.5820
566542208069664768,2015-02-14 10:19:22,Neutral,50.4582
566541384786513920,2015-02-14 10:16:06,Neutral,50.0000
566505386383929344,2015-02-14 07:53:03,Neutral,56.3287
566501382157381632,2015-02-14 07:37:09,Neutral,50.0000
566501325811097600,2015-02-14 07:36:55,Negative,67.7234
566501292671918081,2015-02-14 07:36:47,Neutral,54.5935
566501240289239041,2015-02-14 07:36:35,Negative,67.7234
566501183007629312,2015-02-14 07:36:21,Negative,70.3762
566500418331500544,2015-02-14 07:33:19,Neutral,51.3181
566499951945842688,2015-02-14 07:31:28,Negative,68.3403
566496086131355650,2015-02-14 07:16:06,Negative,68.9943
566494847071047682,2015-02-14 07:11:11,Positive,75.9934
566492435614679041,2015-02-14 07:01:36,Positive,64.8578
566486312065064960,2015-02-14 06:37:16,Negative,72.3708
566484657735098370,2015-02-14 06:30:41,Negative,67.1403
566484312250257409,2015-02-14 06:29:19,Neutral,57.9204
566477360157822978,2015-02-14 06:01:41,Neutral,57.2292
566477286879162370,2015-02-14 06:01:24,Neutral,60.9749
566476099316510720,2015-02-14 05:56:41,Neutral,61.0892
566476027774246913,2015-02-14 05:56:24,Neutral,56.0825
566469626125492224,2015-02-14 05:30:58,Positive,63.0129
566469538154172416,2015-02-14 05:30:37,Neutral,50.0000
566469221614239744,2015-02-14 05:29:21,Neutral,56.2631
566467340158521344,2015-02-14 05:21:53,Negative,69.2849
566466391893499904,2015-02-14 05:18:06,Neutral,50.0000
566460053402578945,2015-02-14 04:52:55,Positive,76.9437
566452344582176768,2015-02-14 04:22:17,Negative,65.7944
566451661493645312,2015-02-14 04:19:34,Positive,96.6255
566447592880365568,2015-02-14 04:03:24,Negative,68.6938
566409002368503811,2015-02-14 01:30:04,Neutral,50.0000
566282276867026944,2015-02-13 17:06:30,Neutral,50.9861
566235541146836992,2015-02-13 14:00:47,Neutral,53.9696
566215066874163200,2015-02-13 12:39:26,Neutral,56.5413
566214073360998400,2015-02-13 12:35:29,Negative,63.9671
566195820647550976,2015-02-13 11:22:57,Neutral,60.3633
566194116229206017,2015-02-13 11:16:11,Neutral,55.7111
566193253171478529,2015-02-13 11:12:45,Positive,81.0439
566192250812502016,2015-02-13 11:08:46,Positive,90.5462
566173344379064321,2015-02-13 09:53:38,Positive,88.6504
566172462413406209,2015-02-13 09:50:08,Positive,85.5244
566170035110940673,2015-02-13 09:40:29,Neutral,50.0000
566169928445595648,2015-02-13 09:40:04,Neutral,50.0000
566142965760794624,2015-02-13 07:52:56,Neutral,58.3314
566099685975142400,2015-02-13 05:00:57,Negative,81.5587
566083194228080640,2015-02-13 03:55:25,Neutral,55.2762
565840174580375552,2015-02-12 11:49:45,Neutral,52.1140
565754137875193856,2015-02-12 06:07:52,Neutral,50.0000
565749682928762880,2015-02-12 05:50:10,Positive,76.0770
565564785186443264,2015-02-11 17:35:27,Positive,99.9581
565366556096749568,2015-02-11 04:27:45,Neutral,54.1000
565364702700904448,2015-02-11 04:20:23,Neutral,61.2137
564765299283476481,2015-02-09 12:38:34,Positive,94.0937
564752659689635840,2015-02-09 11:48:21,Neutral,61.1789
564751884557090816,2015-02-09 11:45:16,Negative,69.7252
564444426349457409,2015-02-08 15:23:32,Positive,69.4869
564379296450355201,2015-02-08 11:04:44,Positive,92.7486
564104560667406336,2015-02-07 16:53:02,Positive,92.6089
563536041793957888,2015-02-06 03:13:57,Positive,71.3679
562996442462453760,2015-02-04 15:29:46,Positive,63.3479
562865648343482369,2015-02-04 06:50:02,Negative,81.2964
561916935575576579,2015-02-01 16:00:12,Negative,75.1079
561814741195038720,2015-02-01 09:14:06,Negative,92.0600
561535702454648833,2015-01-31 14:45:18,Positive,84.1782
558614757712736256,2015-01-23 13:18:31,Positive,93.8351
554293437789257730,2015-01-11 15:07:08,Neutral,51.4505
550675174870110208,2015-01-01 15:29:27,Positive,78.2031
550589880258945024,2015-01-01 09:50:31,Neutral,51.0932
543451080042893315,2014-12-12 17:03:28,Neutral,54.9602
543091772352503808,2014-12-11 17:15:43,Neutral,60.1147
540162856453283840,2014-12-03 15:17:15,Positive,72.0075
539525130234232832,2014-12-01 21:03:09,Negative,82.4571
539084040356102144,2014-11-30 15:50:25,Neutral,50.0000
537283518242377728,2014-11-25 16:35:47,Positive,76.4278
536917742381563904,2014-11-24 16:22:19,Positive,84.8084
535802946311970816,2014-11-21 14:32:31,Neutral,52.3380
535489269624610817,2014-11-20 17:46:05,Neutral,55.4194
535131620152315904,2014-11-19 18:04:55,Neutral,56.4763
535127139050192896,2014-11-19 17:47:06,Neutral,60.7191
534763201703849984,2014-11-18 17:40:57,Positive,91.0159
534523528544923648,2014-11-18 01:48:34,Positive,67.4683
534372287189749762,2014-11-17 15:47:36,Negative,67.5213
533459777762762752,2014-11-15 03:21:36,Neutral,56.4763
533429205980037120,2014-11-15 01:20:08,Positive,66.5141
533189655206690816,2014-11-14 09:28:14,Neutral,56.1774
532949616199618560,2014-11-13 17:34:24,Positive,95.0886
532238932277096450,2014-11-11 18:30:24,Neutral,59.5382
532100989642215425,2014-11-11 09:22:16,Positive,93.1851
530053780947996672,2014-11-05 17:47:23,Neutral,60.9222
527509183139033088,2014-10-29 17:16:04,Positive,87.4977
524627014951501825,2014-10-21 18:23:22,Neutral,50.0000
524249366844821504,2014-10-20 17:22:43,Positive,78.3158
523709375412572160,2014-10-19 05:36:59,Neutral,51.8843
523178639198679040,2014-10-17 18:28:02,Positive,98.6202
522184912942534657,2014-10-15 00:39:19,Neutral,51.4686
522002891175759874,2014-10-14 12:36:02,Neutral,55.4855
522000525902897153,2014-10-14 12:26:38,Negative,76.7464
521558264236875776,2014-10-13 07:09:14,Neutral,57.6031
521011540913188864,2014-10-11 18:56:45,Neutral,55.6237
519458637924663296,2014-10-07 12:06:05,Positive,87.9466
519454858215047169,2014-10-07 11:51:03,Positive,83.3321
517365451299758080,2014-10-01 17:28:30,Positive,88.6804
517259725227163648,2014-10-01 10:28:23,Positive,99.1260
515025790010793984,2014-09-25 06:31:31,Positive,84.0007
514467494359097344,2014-09-23 17:33:03,Positive,98.6538
514222059585429504,2014-09-23 01:17:47,Negative,80.6098
509297997193035776,2014-09-09 11:11:19,Positive,97.1585
509293876239011841,2014-09-09 10:54:56,Positive,99.8580
509291030126936064,2014-09-09 10:43:38,Positive,99.5971
509027360755052544,2014-09-08 17:15:54,Neutral,57.7051
508103774754181120,2014-09-06 04:05:54,Neutral,52.8824
507464661361385473,2014-09-04 09:46:18,Neutral,58.8714
507328538618257408,2014-09-04 00:45:23,Positive,67.7278
506124475662733312,2014-08-31 17:00:52,Positive,99.6927
506081012661506048,2014-08-31 14:08:10,Positive,98.6580
505998958552829952,2014-08-31 08:42:07,Positive,97.1510
505967457903722496,2014-08-31 06:36:57,Positive,77.0408
505956613568479232,2014-08-31 05:53:51,Positive,77.0408
505949113599291393,2014-08-31 05:24:03,Neutral,52.0473
505946586531131392,2014-08-31 05:14:00,Positive,72.5164
505944145429409793,2014-08-31 05:04:18,Positive,62.4264
505943273198727168,2014-08-31 05:00:50,Neutral,50.0000
505942180360253440,2014-08-31 04:56:30,Neutral,60.6954
505941020647776256,2014-08-31 04:51:53,Positive,71.9763
505937814937022466,2014-08-31 04:39:09,Neutral,58.7849
505936250197397504,2014-08-31 04:32:56,Positive,73.0730
505935597702111232,2014-08-31 04:30:20,Neutral,57.7438
505928960748695553,2014-08-31 04:03:58,Positive,81.7236
505920964643651584,2014-08-31 03:32:12,Positive,78.7103
505679583295729664,2014-08-30 11:33:02,Positive,74.1107
505661855004504064,2014-08-30 10:22:35,Neutral,51.9680
505658502539276288,2014-08-30 10:09:16,Positive,73.6763
505656980963213312,2014-08-30 10:03:13,Positive,67.6408
505654801892257792,2014-08-30 09:54:34,Positive,91.0922
505650754451820545,2014-08-30 09:38:29,Neutral,61.4010
505206981167026176,2014-08-29 04:15:05,Positive,77.5271
504799980263976960,2014-08-28 01:17:48,Positive,96.5914
504677349409824768,2014-08-27 17:10:31,Positive,67.4981
504312341651943424,2014-08-26 17:00:06,Positive,75.2083
504235375896719360,2014-08-26 11:54:16,Neutral,58.2648
504231123036033024,2014-08-26 11:37:22,Positive,63.9611
504225753672585216,2014-08-26 11:16:02,Neutral,58.2648
504221605036171264,2014-08-26 10:59:33,Neutral,51.7148
504219846196736001,2014-08-26 10:52:33,Positive,63.9611
503220215707357184,2014-08-23 16:40:23,Positive,72.5244
502680629784227840,2014-08-22 04:56:16,Positive,75.6250
502497109124202496,2014-08-21 16:47:01,Neutral,57.4581
502411085320708096,2014-08-21 11:05:11,Positive,78.4138
502149976013545472,2014-08-20 17:47:38,Positive,96.7479
501742797230075904,2014-08-19 14:49:39,Negative,85.0314
500885308125085697,2014-08-17 06:02:18,Positive,91.4596
500338205384650752,2014-08-15 17:48:18,Negative,64.6255
500335704191139840,2014-08-15 17:38:22,Positive,99.7451
499969200299835392,2014-08-14 17:22:00,Positive,95.8778
499966939222257665,2014-08-14 17:13:01,Negative,86.9005
499363617523785729,2014-08-13 01:15:38,Positive,85.3205
499050774903521280,2014-08-12 04:32:31,Neutral,60.1793
499049879423819777,2014-08-12 04:28:57,Neutral,61.9035
498415943186251777,2014-08-10 10:29:55,Positive,74.7794
498368679696805888,2014-08-10 07:22:07,Neutral,56.4092
497322518978371585,2014-08-07 10:05:02,Positive,94.1142
496711272348413953,2014-08-05 17:36:10,Neutral,52.8422
496334856624680960,2014-08-04 16:40:25,Positive,73.4044
495980010520317952,2014-08-03 17:10:24,Positive,99.3331
495922944342650883,2014-08-03 13:23:38,Positive,99.9934
495779139656241152,2014-08-03 03:52:12,Neutral,52.2500
495632701609607169,2014-08-02 18:10:19,Neutral,59.3294
495450911070638080,2014-08-02 06:07:56,Neutral,53.1395
495440309489135616,2014-08-02 05:25:49,Neutral,50.6992
495420101235986432,2014-08-02 04:05:31,Neutral,61.4517
495419354427564032,2014-08-02 04:02:33,Positive,68.6626
495416370520023041,2014-08-02 03:50:41,Negative,62.2847
495415861822234624,2014-08-02 03:48:40,Neutral,60.8257
495413311257583616,2014-08-02 03:38:32,Negative,64.8818
495402384449732608,2014-08-02 02:55:07,Negative,63.6798
495237394140905472,2014-08-01 15:59:30,Negative,65.9461
495221600073940992,2014-08-01 14:56:44,Positive,77.2904
495186167113846785,2014-08-01 12:35:57,Positive,69.5954
495179521155297280,2014-08-01 12:09:32,Negative,77.4328
495174327013097472,2014-08-01 11:48:54,Neutral,50.0000
495170508179009536,2014-08-01 11:33:43,Neutral,53.9398
494951584124518400,2014-07-31 21:03:48,Neutral,53.1491
494540528550043649,2014-07-30 17:50:24,Neutral,50.3971
494316729443426304,2014-07-30 03:01:06,Neutral,53.5327
494172894956486656,2014-07-29 17:29:34,Neutral,54.5703
494119969664151553,2014-07-29 13:59:15,Positive,83.4318
494031955952812032,2014-07-29 08:09:31,Negative,88.9301
489099453895159808,2014-07-15 17:29:31,Negative,81.0358
488299081119178752,2014-07-13 12:29:07,Positive,99.5098
487274041095380992,2014-07-10 16:35:59,Positive,71.3843
484937427954327552,2014-07-04 05:51:07,Neutral,57.2682
483124294692507648,2014-06-29 05:46:22,Positive,74.7953
482631162372714498,2014-06-27 21:06:50,Positive,81.5741
482361637521743876,2014-06-27 03:15:50,Neutral,57.0282
480590240319406080,2014-06-22 05:56:56,Positive,99.0803
480586606290554880,2014-06-22 05:42:30,Neutral,61.5212
480576858480586752,2014-06-22 05:03:46,Neutral,51.1776
480574404309430273,2014-06-22 04:54:01,Neutral,50.0000
480551804363485184,2014-06-22 03:24:13,Neutral,56.7130
480534030329212929,2014-06-22 02:13:35,Neutral,50.0205
480421198359035907,2014-06-21 18:45:14,Neutral,57.0282
480016313327165442,2014-06-20 15:56:22,Neutral,57.0282
479657125363200002,2014-06-19 16:09:04,Neutral,57.0282
479288325904154626,2014-06-18 15:43:36,Neutral,57.0282
479284521775292416,2014-06-18 15:28:29,Positive,76.2342
478959919199031297,2014-06-17 17:58:38,Positive,66.7974
478957444219940864,2014-06-17 17:48:47,Positive,66.6015
478955377300471808,2014-06-17 17:40:35,Neutral,54.5071
478809894754070529,2014-06-17 08:02:29,Negative,76.8516
478776872801546240,2014-06-17 05:51:16,Neutral,50.0000
478774010243584000,2014-06-17 05:39:53,Negative,67.2385
478771059848519680,2014-06-17 05:28:10,Negative,74.1274
478769100156452864,2014-06-17 05:20:23,Neutral,54.1291
478766628025270272,2014-06-17 05:10:33,Positive,91.1491
478762367363215360,2014-06-17 04:53:38,Positive,89.1627
478761039433961472,2014-06-17 04:48:21,Negative,71.9110
478588302765744128,2014-06-16 17:21:57,Neutral,57.0282
478392400843247617,2014-06-16 04:23:31,Neutral,61.9953
478387476675825664,2014-06-16 04:03:57,Neutral,56.4763
477867036375130113,2014-06-14 17:35:54,Neutral,57.0282
477487323089620992,2014-06-13 16:27:03,Positive,70.2548
477151295157968896,2014-06-12 18:11:48,Positive,71.4989
476767786010562560,2014-06-11 16:47:52,Neutral,57.0282
476429774286364673,2014-06-10 18:24:44,Positive,70.4370
476362424421855232,2014-06-10 13:57:07,Neutral,58.4101
476055577819230208,2014-06-09 17:37:49,Positive,73.8267
475686731295887360,2014-06-08 17:12:09,Neutral,57.0282
475545712327798784,2014-06-08 07:51:47,Neutral,57.3213
474970610188046337,2014-06-06 17:46:32,Positive,65.6625
474792018502103040,2014-06-06 05:56:53,Neutral,50.0000
474765019087765505,2014-06-06 04:09:35,Negative,84.6196
474603688879616001,2014-06-05 17:28:31,Neutral,55.1039
474238911376412672,2014-06-04 17:19:02,Neutral,56.4763
474236101977067521,2014-06-04 17:07:52,Neutral,57.8461
474074622762024961,2014-06-04 06:26:12,Positive,68.1705
474073401854676993,2014-06-04 06:21:21,Neutral,50.0000
473862339804942336,2014-06-03 16:22:40,Neutral,52.1801
473694603292327936,2014-06-03 05:16:08,Positive,74.0746
473520746459697152,2014-06-02 17:45:18,Positive,72.3876
473513394192936960,2014-06-02 17:16:05,Positive,87.4512
473315775785078784,2014-06-02 04:10:49,Positive,72.1661
473309915662921728,2014-06-02 03:47:32,Positive,98.3801
473152863049220097,2014-06-01 17:23:27,Positive,62.5776
472676338113859584,2014-05-31 09:49:55,Neutral,57.4073
471103727655321600,2014-05-27 01:40:56,Positive,67.2008
470778667506094080,2014-05-26 04:09:15,Neutral,50.8370
470756741244665857,2014-05-26 02:42:08,Neutral,50.3467
470403970796494849,2014-05-25 03:20:20,Neutral,51.1345
470114760424292353,2014-05-24 08:11:07,Neutral,53.0869
469784544912998401,2014-05-23 10:18:58,Negative,77.3579
469385013411459072,2014-05-22 07:51:22,Neutral,60.8086
469169382686347265,2014-05-21 17:34:32,Positive,67.7128
469164242747138048,2014-05-21 17:14:06,Positive,79.8232
468790295681695744,2014-05-20 16:28:10,Neutral,58.9753
468565896949014528,2014-05-20 01:36:30,Positive,90.8041
468560974610305024,2014-05-20 01:16:56,Positive,97.7953
468375745987743744,2014-05-19 13:00:54,Neutral,60.2603
468075807789682688,2014-05-18 17:09:03,Neutral,58.2721
467835762193338368,2014-05-18 01:15:12,Positive,93.1902
467690042052182016,2014-05-17 15:36:09,Positive,88.0927
467350552813109248,2014-05-16 17:07:09,Neutral,60.5238
467139975704625152,2014-05-16 03:10:23,Positive,67.9175
466962784274501632,2014-05-15 15:26:18,Neutral,53.7535
466940793236619264,2014-05-15 13:58:55,Negative,64.9993
466940749594898433,2014-05-15 13:58:44,Positive,69.1493
466940683358445568,2014-05-15 13:58:28,Neutral,50.6312
466880265587916800,2014-05-15 09:58:24,Positive,78.5488
466879095041568768,2014-05-15 09:53:45,Positive,85.6595
466821622309986304,2014-05-15 06:05:22,Neutral,53.0548
466631595521495041,2014-05-14 17:30:16,Positive,64.6253
466626035107115008,2014-05-14 17:08:10,Positive,65.9018
466101699518554112,2014-05-13 06:24:39,Negative,88.2010
465174978023788544,2014-05-10 17:02:11,Positive,92.7970
464422953405263872,2014-05-08 15:13:55,Positive,81.7887
464422706767601664,2014-05-08 15:12:56,Negative,78.8726
464352735295332353,2014-05-08 10:34:54,Neutral,50.7625
464109400664190977,2014-05-07 18:27:58,Neutral,54.9526
463692559022161920,2014-05-06 14:51:35,Neutral,59.8294
463684150294114304,2014-05-06 14:18:10,Positive,67.9874
463662694956953601,2014-05-06 12:52:55,Positive,64.0252
463588192042508289,2014-05-06 07:56:52,Positive,67.9874
463502012055707649,2014-05-06 02:14:25,Negative,84.1915
463489737483771904,2014-05-06 01:25:39,Positive,69.7395
463295049011167233,2014-05-05 12:32:01,Positive,86.7737
463006962859245569,2014-05-04 17:27:16,Negative,68.3403
463006913752338433,2014-05-04 17:27:05,Negative,82.7028
462644713313431552,2014-05-03 17:27:49,Neutral,57.9148
462609269389414400,2014-05-03 15:06:59,Positive,72.3346
462598506583031808,2014-05-03 14:24:13,Neutral,57.9148
461339233223852032,2014-04-30 03:00:19,Neutral,51.2358
460686155315302400,2014-04-28 07:45:13,Neutral,50.9207
460355384213921793,2014-04-27 09:50:51,Neutral,50.9754
460355306560569344,2014-04-27 09:50:32,Negative,91.8633
458841517432373248,2014-04-23 05:35:17,Positive,63.6353
458478073017405440,2014-04-22 05:31:05,Positive,67.9712
458467045424635904,2014-04-22 04:47:16,Neutral,50.0000
458466284355596288,2014-04-22 04:44:14,Positive,66.9374
458451572649775104,2014-04-22 03:45:47,Neutral,50.0000
458450220406173696,2014-04-22 03:40:24,Neutral,51.3476
457932635927760896,2014-04-20 17:23:43,Negative,64.0649
455027391358697472,2014-04-12 16:59:18,Positive,78.8010
451408308897710080,2014-04-02 17:18:22,Positive,85.1977
438361001948217344,2014-02-25 17:13:01,Positive,94.6911
437615815097999360,2014-02-23 15:51:55,Neutral,61.4167
437132997112766464,2014-02-22 07:53:22,Positive,97.8903
437118091646873601,2014-02-22 06:54:08,Neutral,51.0303
437093693594406913,2014-02-22 05:17:12,Neutral,50.0000
437082147627601920,2014-02-22 04:31:19,Neutral,50.0000
436939319966584833,2014-02-21 19:03:46,Positive,79.4767
436901077976240128,2014-02-21 16:31:48,Positive,97.0407
436835075800326144,2014-02-21 12:09:32,Neutral,58.2648
436827451079942144,2014-02-21 11:39:14,Neutral,58.4586
436818858993676289,2014-02-21 11:05:06,Neutral,57.9204
436808700854943745,2014-02-21 10:24:44,Negative,84.8158
436801946905624576,2014-02-21 09:57:54,Negative,91.5959
436800090385043456,2014-02-21 09:50:31,Negative,69.7252
436796046417461248,2014-02-21 09:34:27,Negative,98.0648
436795597035556864,2014-02-21 09:32:40,Neutral,53.4885
436795032167657472,2014-02-21 09:30:25,Neutral,59.4690
436791656319160320,2014-02-21 09:17:00,Neutral,59.5382
436760851727413249,2014-02-21 07:14:36,Positive,72.1323
436759699275280385,2014-02-21 07:10:01,Negative,85.3721
436759465954529280,2014-02-21 07:09:05,Neutral,50.0000
436751623663017985,2014-02-21 06:37:56,Positive,75.4298
436750056285143040,2014-02-21 06:31:42,Positive,68.5604
436750041986781184,2014-02-21 06:31:39,Negative,69.7252
436743556464508928,2014-02-21 06:05:52,Neutral,61.5605
436723661110640641,2014-02-21 04:46:49,Negative,63.0881
436720969856466945,2014-02-21 04:36:07,Positive,73.1411
436716690059960320,2014-02-21 04:19:07,Negative,70.2906
436715505236201473,2014-02-21 04:14:24,Neutral,58.9771
436715152839163904,2014-02-21 04:13:00,Neutral,59.3294
436550242951909376,2014-02-20 17:17:43,Positive,78.6418
436545785983819776,2014-02-20 17:00:00,Neutral,54.5558
436496672797904897,2014-02-20 13:44:51,Positive,93.6694
436456646479327232,2014-02-20 11:05:48,Positive,72.7508
436455555909947392,2014-02-20 11:01:28,Positive,81.6367
436454673671663616,2014-02-20 10:57:57,Neutral,51.1913
436444706600284161,2014-02-20 10:18:21,Neutral,58.2648
436423817435439104,2014-02-20 08:55:21,Neutral,50.0000
436423349783101440,2014-02-20 08:53:29,Positive,91.4622
436422536352374785,2014-02-20 08:50:15,Neutral,53.5741
436383375012532224,2014-02-20 06:14:38,Positive,97.0607
436373521162186752,2014-02-20 05:35:29,Negative,64.7608
436372250850127873,2014-02-20 05:30:26,Neutral,51.7100
436357088449527808,2014-02-20 04:30:11,Positive,98.6290
436081682655887360,2014-02-19 10:15:49,Neutral,52.0422
436076734123761664,2014-02-19 09:56:09,Positive,71.8575
436042294580346880,2014-02-19 07:39:18,Neutral,57.8641
436024606873243648,2014-02-19 06:29:01,Negative,76.3938
435777967625498624,2014-02-18 14:08:58,Positive,77.0254
434643694428237825,2014-02-15 11:01:46,Positive,97.1882
434544141997858816,2014-02-15 04:26:11,Neutral,50.0000
434544023064162304,2014-02-15 04:25:43,Positive,76.4371
434543353221218305,2014-02-15 04:23:03,Neutral,52.5477
434536802129412096,2014-02-15 03:57:01,Neutral,60.9749
434532687567536129,2014-02-15 03:40:40,Positive,84.9015
434393526961315840,2014-02-14 18:27:42,Positive,77.1792
434392385385005056,2014-02-14 18:23:09,Neutral,55.6193
434226308336193536,2014-02-14 07:23:14,Positive,62.8332
434223294774915072,2014-02-14 07:11:15,Neutral,58.9262
434223249551917056,2014-02-14 07:11:04,Positive,98.5307
434221702814265345,2014-02-14 07:04:56,Positive,93.8761
432931798239043584,2014-02-10 17:39:18,Negative,73.5581
432378290469601280,2014-02-09 04:59:52,Neutral,50.0000
431997538359463936,2014-02-08 03:46:53,Negative,78.5968
431023032270745600,2014-02-05 11:14:33,Positive,82.4902
430962064543080449,2014-02-05 07:12:17,Neutral,57.1809
430937268698640384,2014-02-05 05:33:45,Positive,95.8334
430935843662876672,2014-02-05 05:28:06,Positive,77.2670
430935784237985792,2014-02-05 05:27:52,Negative,67.9126
430925150335168514,2014-02-05 04:45:36,Negative,71.7186
430922214402056192,2014-02-05 04:33:56,Negative,82.2802
430313128476160000,2014-02-03 12:13:39,Positive,65.3096
429649179665649664,2014-02-01 16:15:21,Positive,87.8429
429640888742969344,2014-02-01 15:42:24,Positive,84.0439
428930259539349504,2014-01-30 16:38:37,Positive,63.0848
428242710504284161,2014-01-28 19:06:33,Neutral,56.4763
427493292872175616,2014-01-26 17:28:38,Positive,71.3109
427132806905339904,2014-01-25 17:36:11,Neutral,58.5409
427043036715954176,2014-01-25 11:39:28,Positive,99.9952
425870202392158208,2014-01-22 05:59:03,Negative,78.8726
425103776211423232,2014-01-20 03:13:32,Positive,95.4047
424311019910234112,2014-01-17 22:43:25,Positive,96.4974
422366317702701056,2014-01-12 13:55:51,Negative,75.3534
421351329793994752,2014-01-09 18:42:40,Positive,79.7384
421170320985174016,2014-01-09 06:43:24,Positive,82.4537
419623757976596480,2014-01-05 00:17:54,Positive,71.6238
419520270206902273,2014-01-04 17:26:41,Neutral,61.8146
415782898474549248,2013-12-25 09:55:42,Negative,64.8614
414001003004829698,2013-12-20 11:55:05,Positive,74.6875
413005626491428864,2013-12-17 17:59:49,Positive,73.6480
411109509268905984,2013-12-12 12:25:19,Neutral,50.0000
410087043859886080,2013-12-09 16:42:24,Neutral,60.2467
408892627178618880,2013-12-06 09:36:13,Positive,80.9003
408515231598403584,2013-12-05 08:36:35,Positive,64.7271
407683138832199681,2013-12-03 01:30:09,Negative,72.3314
407462535927840768,2013-12-02 10:53:33,Positive,72.6994
407401889630650368,2013-12-02 06:52:34,Neutral,52.9153
406280997429202944,2013-11-29 04:38:32,Negative,69.3435
405366799375425536,2013-11-26 16:05:50,Neutral,57.5063
403522729141227522,2013-11-21 13:58:10,Negative,65.4035
403448823336280065,2013-11-21 09:04:29,Positive,99.9403
403430061828612096,2013-11-21 07:49:56,Neutral,58.7634
403425719310483456,2013-11-21 07:32:41,Positive,62.7663
403413820967641088,2013-11-21 06:45:24,Positive,88.3756
403388201907126273,2013-11-21 05:03:36,Neutral,60.9919
403379089236455425,2013-11-21 04:27:23,Neutral,50.0000
403377160087277569,2013-11-21 04:19:44,Positive,76.0243
403371078988226561,2013-11-21 03:55:34,Positive,76.8306
403182090025332736,2013-11-20 15:24:35,Positive,75.4345
402613028249550848,2013-11-19 01:43:20,Positive,99.9856
402391378262380546,2013-11-18 11:02:35,Neutral,51.9020
402296618935783424,2013-11-18 04:46:03,Neutral,52.3059
402254450984640512,2013-11-18 01:58:29,Negative,80.4699
401568932567322625,2013-11-16 04:34:29,Neutral,56.4763
401565956863844352,2013-11-16 04:22:39,Positive,86.7702
401393229188198400,2013-11-15 16:56:18,Positive,68.9250
401031298845655040,2013-11-14 16:58:07,Positive,75.4345
400815709871042560,2013-11-14 02:41:26,Neutral,50.0000
400424905490976768,2013-11-13 00:48:31,Neutral,55.7717
400308885627473920,2013-11-12 17:07:30,Positive,96.2377
400217668218667008,2013-11-12 11:05:02,Positive,79.2046
399935808028692480,2013-11-11 16:25:01,Positive,90.1843
399922484868177920,2013-11-11 15:32:05,Neutral,50.3407
395120911491166208,2013-10-29 09:32:20,Neutral,50.4289
394789547868831746,2013-10-28 11:35:37,Negative,75.5730
394638667097989120,2013-10-28 01:36:04,Neutral,58.9273
394499120297037824,2013-10-27 16:21:34,Positive,85.4668
394141936895791104,2013-10-26 16:42:15,Positive,99.8427
394113764544356352,2013-10-26 14:50:18,Positive,71.5657
394060197930356736,2013-10-26 11:17:27,Neutral,60.2034
394025711180058624,2013-10-26 09:00:24,Positive,79.6030
394009675168903168,2013-10-26 07:56:41,Neutral,56.1242
393977501006831616,2013-10-26 05:48:50,Neutral,58.4865
393962981089751040,2013-10-26 04:51:08,Positive,84.9772
393240327823179776,2013-10-24 04:59:34,Positive,89.5240
392874424807858176,2013-10-23 04:45:36,Neutral,58.3314
392677425542205440,2013-10-22 15:42:48,Neutral,61.6790
392280980729253888,2013-10-21 13:27:28,Positive,63.0479
392236422423248896,2013-10-21 10:30:25,Positive,73.8716
392235164371152896,2013-10-21 10:25:25,Neutral,58.3961
391779578978385920,2013-10-20 04:15:05,Negative,88.9804
391080025572642816,2013-10-18 05:55:18,Neutral,61.5186
389795932595703809,2013-10-14 16:52:47,Neutral,59.5382
385696842165395456,2013-10-03 09:24:27,Positive,80.0217
384718191655526400,2013-09-30 16:35:39,Positive,85.8977
384574782416510976,2013-09-30 07:05:47,Positive,81.2257
384205725586563072,2013-09-29 06:39:17,Positive,99.7349
383167827231797249,2013-09-26 09:55:03,Neutral,54.7202
381395961164996608,2013-09-21 12:34:17,Positive,70.0402
381395367763251200,2013-09-21 12:31:56,Neutral,55.4633
380566373430083584,2013-09-19 05:37:48,Positive,76.4307
380192834487214080,2013-09-18 04:53:30,Neutral,61.4069
380192563333832704,2013-09-18 04:52:25,Negative,65.3150
380188014141403137,2013-09-18 04:34:20,Neutral,56.5332
380181268094136320,2013-09-18 04:07:32,Neutral,53.4643
379814609869217792,2013-09-17 03:50:34,Negative,75.1610
379552197073043457,2013-09-16 10:27:50,Positive,90.4620
379474041431527424,2013-09-16 05:17:16,Negative,67.8857
379467255475490817,2013-09-16 04:50:18,Negative,77.1708
379146743058681856,2013-09-15 07:36:42,Positive,99.9051
379124678347874305,2013-09-15 06:09:01,Positive,64.0252
378559520969981953,2013-09-13 16:43:17,Negative,73.0393
378449750514626560,2013-09-13 09:27:06,Positive,65.2671
378013702613512193,2013-09-12 04:34:24,Negative,80.6845
377993117799964672,2013-09-12 03:12:36,Positive,99.6436
377992152887742464,2013-09-12 03:08:46,Positive,94.8184
377487365414993921,2013-09-10 17:42:55,Negative,66.6344
377446079341817857,2013-09-10 14:58:52,Positive,88.6119
377445924316135424,2013-09-10 14:58:15,Positive,97.6735
377445226698522624,2013-09-10 14:55:29,Neutral,52.5028
376750537800052736,2013-09-08 16:55:02,Positive,76.5876
376040588618899456,2013-09-06 17:53:57,Positive,80.0790
375846597357105152,2013-09-06 05:03:06,Negative,69.2655
375548262855344129,2013-09-05 09:17:37,Neutral,50.0815
375333683441303552,2013-09-04 19:04:58,Positive,86.6627
373450611464749057,2013-08-30 14:22:18,Positive,80.7513
373112127516459008,2013-08-29 15:57:17,Neutral,54.3595
373047013920628736,2013-08-29 11:38:33,Neutral,56.4011
372912814597238784,2013-08-29 02:45:18,Positive,89.4539
372818655156776960,2013-08-28 20:31:08,Neutral,50.0000
372430840308854784,2013-08-27 18:50:06,Positive,92.0641
372205858924400641,2013-08-27 03:56:06,Negative,75.8835
372203957717725185,2013-08-27 03:48:33,Positive,99.0885
372052972890759168,2013-08-26 17:48:35,Negative,70.3745
371946349790363650,2013-08-26 10:44:54,Neutral,58.5353
371946235327807488,2013-08-26 10:44:27,Positive,99.7947
371527267198832640,2013-08-25 06:59:37,Neutral,56.4763
371523562152030209,2013-08-25 06:44:54,Neutral,52.9807
371506810215071744,2013-08-25 05:38:20,Negative,90.2206
371505475658846209,2013-08-25 05:33:02,Negative,76.4176
371504763596070912,2013-08-25 05:30:12,Negative,97.9047
371504651666857986,2013-08-25 05:29:45,Negative,93.3507
371501910013911040,2013-08-25 05:18:52,Negative,68.4378
371499570586349568,2013-08-25 05:09:34,Positive,77.3078
371497335836012545,2013-08-25 05:00:41,Positive,81.4603
371494090489094144,2013-08-25 04:47:47,Neutral,60.6257
371482799187820544,2013-08-25 04:02:55,Neutral,61.0560
371444299382022144,2013-08-25 01:29:56,Neutral,58.4472
371281748497154049,2013-08-24 14:44:01,Neutral,53.5409
371214341187448832,2013-08-24 10:16:10,Positive,81.2490
371210710757298176,2013-08-24 10:01:44,Negative,75.0065
371209197074935808,2013-08-24 09:55:44,Neutral,54.5584
370784407029686272,2013-08-23 05:47:46,Positive,71.2652
370781466717720576,2013-08-23 05:36:05,Negative,94.7778
370781043999002624,2013-08-23 05:34:24,Neutral,60.4709
370780450333016064,2013-08-23 05:32:02,Positive,84.1477
370780189564743680,2013-08-23 05:31:00,Negative,64.4880
370779864191602689,2013-08-23 05:29:43,Neutral,56.5666
370779601921798144,2013-08-23 05:28:40,Positive,92.9192
370779411059990528,2013-08-23 05:27:55,Positive,92.0480
370765575217098752,2013-08-23 04:32:56,Negative,83.2673
370765422431191040,2013-08-23 04:32:19,Neutral,53.8875
370578333206990848,2013-08-22 16:08:54,Neutral,57.8266
370224150524067840,2013-08-21 16:41:30,Neutral,55.6495
369347860770193410,2013-08-19 06:39:26,Positive,92.8784
369315400661491712,2013-08-19 04:30:27,Positive,85.7363
369053004042735616,2013-08-18 11:07:47,Positive,92.1502
368709818631991298,2013-08-17 12:24:05,Positive,74.0029
368703063462137856,2013-08-17 11:57:15,Negative,81.0573
367712747175165953,2013-08-14 18:22:05,Positive,97.3693
367710885604630528,2013-08-14 18:14:41,Negative,81.6957
367239337554882561,2013-08-13 11:00:55,Positive,94.9241
366238149229297668,2013-08-10 16:42:33,Neutral,62.2399
365787950958641155,2013-08-09 10:53:38,Positive,92.0988
365144149495791616,2013-08-07 16:15:23,Neutral,58.8909
363873514668830721,2013-08-04 04:06:21,Neutral,58.3564
362381110455443458,2013-07-31 01:16:04,Positive,78.5844
358836190281080832,2013-07-21 06:29:49,Positive,63.9404
355720846741999617,2013-07-12 16:10:33,Positive,84.1692
348024303725453312,2013-06-21 10:27:14,Negative,63.6222
347531530266083328,2013-06-20 01:49:08,Neutral,52.6577
340771313406857216,2013-06-01 10:06:26,Neutral,54.5589
340770300578914304,2013-06-01 10:02:25,Negative,63.3162
340769571655000066,2013-06-01 09:59:31,Positive,71.6654
340768892798504960,2013-06-01 09:56:49,Positive,85.0139
339915297404362752,2013-05-30 01:24:56,Negative,65.6049
339914277387378688,2013-05-30 01:20:53,Positive,73.2452
339876341837074434,2013-05-29 22:50:09,Positive,83.2774
336922043075403777,2013-05-21 19:10:49,Neutral,55.5469
336921904550125571,2013-05-21 19:10:16,Positive,90.2695
336921401086849024,2013-05-21 19:08:16,Positive,99.2327
336920761979781120,2013-05-21 19:05:44,Positive,97.0226
336525727505711104,2013-05-20 16:56:00,Positive,84.6912
336106066096050178,2013-05-19 13:08:25,Positive,89.5464
335943971731804161,2013-05-19 02:24:19,Positive,75.2129
335942453825773569,2013-05-19 02:18:17,Positive,67.9389
335598058681278464,2013-05-18 03:29:46,Positive,94.3810
335598007204585472,2013-05-18 03:29:34,Neutral,53.1349
335597241026875393,2013-05-18 03:26:32,Neutral,61.6457
335469943451697153,2013-05-17 19:00:41,Positive,92.8974
335440390658342912,2013-05-17 17:03:15,Neutral,58.3002
334428596078788611,2013-05-14 22:02:45,Neutral,54.5964
334410267117105152,2013-05-14 20:49:55,Positive,73.5062
334409476067180544,2013-05-14 20:46:46,Positive,96.5776
334347003540680704,2013-05-14 16:38:32,Negative,72.9060
334346769578221568,2013-05-14 16:37:36,Neutral,55.9378
334343653461991424,2013-05-14 16:25:13,Neutral,50.0000
334343625171402754,2013-05-14 16:25:06,Negative,94.4432
334343567717826560,2013-05-14 16:24:53,Positive,65.6643
334109494458064896,2013-05-14 00:54:45,Neutral,50.0000
334042821948485633,2013-05-13 20:29:49,Positive,77.0607
334042761504374785,2013-05-13 20:29:35,Negative,63.5686
334025942781542401,2013-05-13 19:22:45,Neutral,57.9823
334008686898999296,2013-05-13 18:14:11,Neutral,53.7814
334008292818960387,2013-05-13 18:12:37,Positive,83.3377
333991854062309377,2013-05-13 17:07:17,Positive,72.4606
333991362846400513,2013-05-13 17:05:20,Positive,78.2844
333991063192731649,2013-05-13 17:04:09,Neutral,60.1364
333991033341870083,2013-05-13 17:04:02,Negative,63.4532
333925077240381440,2013-05-13 12:41:57,Positive,97.5702
333924847128285184,2013-05-13 12:41:02,Neutral,57.0282
333922766866759680,2013-05-13 12:32:46,Negative,91.0272
333922643696828416,2013-05-13 12:32:16,Neutral,57.4270
333914014176395265,2013-05-13 11:57:59,Positive,94.5718
333883326475694080,2013-05-13 09:56:02,Negative,66.2422
332511115235958784,2013-05-09 15:03:22,Positive,63.3702
332479430121369602,2013-05-09 12:57:27,Positive,64.5889
331332414922174465,2013-05-06 08:59:38,Neutral,56.5186
331331921462312960,2013-05-06 08:57:40,Negative,80.4979
330621497217527808,2013-05-04 09:54:42,Positive,77.0266
330388955193286656,2013-05-03 18:30:39,Negative,74.6796
330372996978053121,2013-05-03 17:27:15,Negative,82.1896
329775333572214786,2013-05-02 01:52:21,Neutral,57.5663
327772640804749313,2013-04-26 13:14:21,Negative,74.6743
327772625772351489,2013-04-26 13:14:18,Neutral,50.2954
324225652754628608,2013-04-16 18:19:54,Neutral,61.2723
323008953636245504,2013-04-13 09:45:10,Positive,97.5557
322381025466544128,2013-04-11 16:10:00,Neutral,53.1395
320082723425361921,2013-04-05 07:57:22,Neutral,59.4134
320071281166938112,2013-04-05 07:11:54,Positive,85.3877
319689949467275264,2013-04-04 05:56:38,Positive,98.3135
318915726503206912,2013-04-02 02:40:09,Positive,83.4451
318353757429694464,2013-03-31 13:27:05,Positive,90.2943
318247564677902338,2013-03-31 06:25:06,Positive,86.8794
318247547086966784,2013-03-31 06:25:02,Positive,70.6458
318247000040677376,2013-03-31 06:22:52,Positive,77.6121
317978800703037441,2013-03-30 12:37:08,Negative,97.8574
316847787272716288,2013-03-27 09:42:53,Positive,82.3291
316728714849288193,2013-03-27 01:49:44,Neutral,61.0029
314345843182419969,2013-03-20 12:01:03,Positive,62.8929
312720912032075776,2013-03-16 00:24:10,Positive,65.4208
311516043908620288,2013-03-12 16:36:27,Positive,94.1070
311516010786217984,2013-03-12 16:36:19,Positive,84.0173
311515985284829186,2013-03-12 16:36:13,Neutral,62.1994
311515920264728576,2013-03-12 16:35:57,Positive,67.7693
311092137490018304,2013-03-11 12:32:00,Neutral,58.8791
311092113473429504,2013-03-11 12:31:54,Neutral,58.8791
307912900884979712,2013-03-02 17:58:50,Negative,66.6962
307912274352431105,2013-03-02 17:56:21,Positive,81.4164
307759104645013504,2013-03-02 07:47:43,Neutral,55.5658
307757814942691329,2013-03-02 07:42:35,Positive,64.6061
307748816675803136,2013-03-02 07:06:50,Negative,69.7252
307713525894230016,2013-03-02 04:46:36,Positive,99.4462
307713284688183297,2013-03-02 04:45:39,Neutral,53.4267
307711768657010688,2013-03-02 04:39:37,Neutral,52.3994
307681779580542976,2013-03-02 02:40:27,Negative,67.7284
307666722142425088,2013-03-02 01:40:37,Positive,80.1878
307504320826454018,2013-03-01 14:55:17,Neutral,54.5589
307468851036168192,2013-03-01 12:34:21,Positive,96.9477
307468812154982400,2013-03-01 12:34:11,Positive,74.3345
307468775253495809,2013-03-01 12:34:03,Negative,62.5444
307468731066494976,2013-03-01 12:33:52,Neutral,50.0000
307468696845164544,2013-03-01 12:33:44,Neutral,54.5053
307468652930818048,2013-03-01 12:33:34,Negative,78.8426
307468566289076224,2013-03-01 12:33:13,Neutral,52.4819
307438555196698625,2013-03-01 10:33:58,Positive,70.1273
307434831896264704,2013-03-01 10:19:10,Neutral,51.0764
307432330442727424,2013-03-01 10:09:14,Negative,63.7775
307432221772500992,2013-03-01 10:08:48,Neutral,51.2005
307423361057832960,2013-03-01 09:33:35,Neutral,55.5242
307422245163266048,2013-03-01 09:29:09,Neutral,50.0000
307422022395375616,2013-03-01 09:28:16,Positive,93.9696
307421864991531009,2013-03-01 09:27:38,Positive,97.2414
307421381354725376,2013-03-01 09:25:43,Neutral,58.0525
307420942848643072,2013-03-01 09:23:59,Positive,70.8373
307418095616655360,2013-03-01 09:12:40,Neutral,50.9448
307403837508050944,2013-03-01 08:16:00,Positive,66.6768
307395733563252736,2013-03-01 07:43:48,Negative,69.7252
307391602182193153,2013-03-01 07:27:23,Neutral,51.4686
307385903897272320,2013-03-01 07:04:45,Positive,93.7487
307381965626159104,2013-03-01 06:49:06,Negative,67.2469
307379669118885888,2013-03-01 06:39:58,Neutral,52.5028
307360726182395906,2013-03-01 05:24:42,Neutral,50.0000
307353455364820992,2013-03-01 04:55:48,Neutral,52.6946
307347976228069376,2013-03-01 04:34:02,Positive,64.5054
307347921949573121,2013-03-01 04:33:49,Negative,66.9701
307346295385899008,2013-03-01 04:27:21,Neutral,61.8652
307344057531764736,2013-03-01 04:18:28,Positive,63.4977
307321907550777344,2013-03-01 02:50:27,Positive,75.6390
307181833395765250,2013-02-28 17:33:50,Negative,63.0800
307105141461483520,2013-02-28 12:29:06,Positive,81.3705
307103830624055296,2013-02-28 12:23:53,Negative,73.4721
307099538957692928,2013-02-28 12:06:50,Positive,85.6576
307097601969360896,2013-02-28 11:59:08,Positive,82.6838
307092989203853313,2013-02-28 11:40:48,Negative,83.9773
307085971504132098,2013-02-28 11:12:55,Neutral,51.7148
307084759450923008,2013-02-28 11:08:06,Neutral,60.5855
307079910881648640,2013-02-28 10:48:50,Neutral,51.7148
307078967800786944,2013-02-28 10:45:05,Positive,92.1443
307068100677865473,2013-02-28 10:01:54,Neutral,53.2255
307068075000348672,2013-02-28 10:01:48,Neutral,54.6944
307067938144391168,2013-02-28 10:01:16,Neutral,50.0000
307066186162647040,2013-02-28 09:54:18,Positive,85.5573
307064674275430401,2013-02-28 09:48:17,Negative,97.6438
307063599535362048,2013-02-28 09:44:01,Positive,79.1613
307061594213474304,2013-02-28 09:36:03,Negative,79.2171
307059552254308352,2013-02-28 09:27:56,Positive,81.6812
307058958194061314,2013-02-28 09:25:35,Positive,89.9265
307058799196393472,2013-02-28 09:24:57,Positive,86.9904
307056860052213760,2013-02-28 09:17:14,Neutral,50.0000
307054887064195072,2013-02-28 09:09:24,Negative,98.4988
307053947561058305,2013-02-28 09:05:40,Positive,67.8099
307027304490618881,2013-02-28 07:19:48,Negative,81.3563
306833606859452420,2013-02-27 18:30:07,Negative,66.7317
305876362554646529,2013-02-25 03:06:22,Neutral,60.4941
305525051820736512,2013-02-24 03:50:23,Neutral,56.9621
303758070067101696,2013-02-19 06:49:02,Neutral,58.8791
303757741741178884,2013-02-19 06:47:43,Neutral,61.6631
302114042435235841,2013-02-14 17:56:15,Positive,79.1211
301741350603354112,2013-02-13 17:15:18,Negative,70.2599
301741172701921281,2013-02-13 17:14:36,Negative,87.7980
301438095222505472,2013-02-12 21:10:17,Positive,99.7535
299464811715108864,2013-02-07 10:29:09,Neutral,54.8247
299463240029712384,2013-02-07 10:22:54,Neutral,50.0000
296437448349728768,2013-01-30 01:59:29,Negative,81.4905
295969558299283456,2013-01-28 19:00:16,Positive,86.1507
295953401181765632,2013-01-28 17:56:04,Positive,70.5464
295450260719939585,2013-01-27 08:36:46,Neutral,60.1512
294154619473494016,2013-01-23 18:48:21,Neutral,50.0000
294152672850870272,2013-01-23 18:40:36,Positive,75.3652
293908019253768194,2013-01-23 02:28:26,Negative,73.2897
293324842432868352,2013-01-21 11:51:06,Positive,88.4976
293173438737178624,2013-01-21 01:49:29,Neutral,52.7548
292856072878837760,2013-01-20 04:48:23,Positive,95.0542
292366013993992192,2013-01-18 20:21:04,Neutral,56.4760
292153107830431744,2013-01-18 06:15:03,Positive,65.0065
291736022285418497,2013-01-17 02:37:42,Neutral,51.9979
291607933765173248,2013-01-16 18:08:43,Neutral,52.3841
291240574055497728,2013-01-15 17:48:58,Neutral,58.8791
290887104777555969,2013-01-14 18:24:24,Neutral,52.5990
290350905440759808,2013-01-13 06:53:44,Neutral,54.1291
290350269777203200,2013-01-13 06:51:13,Negative,69.8082
285328258671718400,2012-12-30 10:15:32,Neutral,59.3141
284936267278458880,2012-12-29 08:17:54,Negative,67.6619
284312735452381184,2012-12-27 15:00:13,Positive,72.7401
282744177446486016,2012-12-23 07:07:19,Positive,68.2156
282477981950177280,2012-12-22 13:29:33,Positive,77.1873
281979723637219328,2012-12-21 04:29:39,Positive,78.7267
280742038998245376,2012-12-17 18:31:32,Neutral,53.1971
279308694833987584,2012-12-13 19:35:56,Neutral,56.1851
278115093500289025,2012-12-10 12:33:00,Positive,98.6801
278107204303851520,2012-12-10 12:01:39,Negative,64.7890
277764733967409152,2012-12-09 13:20:47,Negative,81.8900
277754179961905153,2012-12-09 12:38:51,Negative,68.3337
277747853529591808,2012-12-09 12:13:43,Negative,84.2453
277747579633152001,2012-12-09 12:12:37,Negative,81.8900
277747346861879296,2012-12-09 12:11:42,Negative,81.8900
277746806702608384,2012-12-09 12:09:33,Positive,77.4562
277739721600413696,2012-12-09 11:41:24,Negative,81.8900
277739181025935361,2012-12-09 11:39:15,Neutral,61.0777
277738901878235136,2012-12-09 11:38:09,Negative,81.8900
277708054911397888,2012-12-09 09:35:34,Negative,81.8900
277706005859672064,2012-12-09 09:27:25,Negative,81.8900
277705734874095616,2012-12-09 09:26:21,Negative,84.8303
277705533144825857,2012-12-09 09:25:33,Negative,81.8900
277703472009334784,2012-12-09 09:17:21,Negative,84.8303
277703162184474624,2012-12-09 09:16:07,Negative,81.8900
277702860081332225,2012-12-09 09:14:55,Negative,84.2453
277700401376145408,2012-12-09 09:05:09,Negative,84.8303
277700114653540352,2012-12-09 09:04:01,Negative,66.6425
277699886735040512,2012-12-09 09:03:07,Negative,84.2453
277698015328862208,2012-12-09 08:55:40,Negative,63.7612
276980923487105024,2012-12-07 09:26:12,Positive,74.6014
276949851911098368,2012-12-07 07:22:44,Positive,68.1416
276937634889220096,2012-12-07 06:34:12,Positive,74.8134
276936891968921600,2012-12-07 06:31:14,Positive,93.1335
276936827980640256,2012-12-07 06:30:59,Negative,99.3479
276936753531715584,2012-12-07 06:30:41,Positive,99.7217
276661235007770624,2012-12-06 12:15:53,Positive,83.8419
276660985543131136,2012-12-06 12:14:53,Positive,97.3081
276618770519298049,2012-12-06 09:27:08,Positive,88.0628
276611576214220800,2012-12-06 08:58:33,Positive,95.5037
276609006217334784,2012-12-06 08:48:20,Neutral,51.3582
276547568626987008,2012-12-06 04:44:13,Neutral,61.8802
275186966864228353,2012-12-02 10:37:40,Negative,64.7651
274439286466695169,2012-11-30 09:06:39,Positive,73.4616
274416855689609216,2012-11-30 07:37:31,Negative,76.6160
273761962624696320,2012-11-28 12:15:12,Negative,83.5641
273731675186421760,2012-11-28 10:14:51,Neutral,60.2987
273714761605210112,2012-11-28 09:07:39,Positive,99.4403
273478433122689024,2012-11-27 17:28:34,Positive,79.4374
273465768736354305,2012-11-27 16:38:14,Positive,84.6112
273403855839051776,2012-11-27 12:32:13,Positive,97.4304
273005812920762368,2012-11-26 10:10:32,Positive,87.9777
272899968510083072,2012-11-26 03:09:57,Positive,75.4497
272899866693337088,2012-11-26 03:09:33,Positive,87.8151
272175218401873920,2012-11-24 03:10:03,Positive,83.3290
272024087742787584,2012-11-23 17:09:31,Positive,96.0829
272023672280211457,2012-11-23 17:07:52,Positive,70.8266
272023388434870272,2012-11-23 17:06:44,Positive,99.2754
272022786854240256,2012-11-23 17:04:20,Positive,99.2754
271513563359748096,2012-11-22 07:20:52,Positive,97.6048
266434769104023552,2012-11-08 06:59:33,Positive,65.3990
266434231318745088,2012-11-08 06:57:25,Positive,77.0932
263906260301262848,2012-11-01 07:32:10,Negative,70.2855
262981484330229760,2012-10-29 18:17:26,Positive,87.2934
262945686457315328,2012-10-29 15:55:11,Negative,77.4508
261053457857916928,2012-10-24 10:36:09,Positive,97.2904
258403283293569028,2012-10-17 03:05:18,Positive,64.4370
256430771739435008,2012-10-11 16:27:14,Negative,71.2899
255505943738077184,2012-10-09 03:12:18,Negative,65.7321
254269538856734721,2012-10-05 17:19:16,Neutral,50.0000
254157525191102464,2012-10-05 09:54:10,Positive,99.9870
254155132101619712,2012-10-05 09:44:40,Positive,63.0424
254154690865008641,2012-10-05 09:42:54,Neutral,50.0000
252833790865580034,2012-10-01 18:14:07,Neutral,58.3314
248830178254528512,2012-09-20 17:05:12,Neutral,53.7963
248262374879019008,2012-09-19 03:28:57,Neutral,58.5948
225240359658201090,2012-07-17 14:47:41,Neutral,61.2348
194320150848221184,2012-04-23 07:01:48,Positive,95.9463
193928102341115905,2012-04-22 05:03:57,Positive,96.0476
193802172822077440,2012-04-21 20:43:33,Positive,98.5553
192245690171265024,2012-04-17 13:38:38,Positive,91.3733
192229179490701312,2012-04-17 12:33:02,Neutral,58.8791
192223357129854976,2012-04-17 12:09:54,Positive,62.8929
192198131251806208,2012-04-17 10:29:40,Positive,74.1202
192194441430315008,2012-04-17 10:15:00,Negative,88.2172
192194423231229952,2012-04-17 10:14:55,Neutral,58.4467
192191244162707456,2012-04-17 10:02:18,Neutral,54.5115
192191203838672896,2012-04-17 10:02:08,Negative,76.3106
192186632319926275,2012-04-17 09:43:58,Positive,70.6544
192186570667864064,2012-04-17 09:43:43,Positive,76.3173
192180007534215168,2012-04-17 09:17:38,Positive,91.2676
192155018491723776,2012-04-17 07:38:21,Negative,98.4274
192153081255968768,2012-04-17 07:30:39,Positive,84.1791
192151337423749120,2012-04-17 07:23:43,Neutral,53.4219
192137125431480322,2012-04-17 06:27:15,Neutral,59.0631
191895656867176448,2012-04-16 14:27:44,Negative,75.1063
191894772020035584,2012-04-16 14:24:13,Neutral,58.5456
189896569749913600,2012-04-11 02:04:04,Positive,99.6975
186400487342481408,2012-04-01 10:31:53,Positive,95.8968
185366352482144257,2012-03-29 14:02:37,Neutral,51.4296
184349049632202752,2012-03-26 18:40:13,Positive,82.7853
182153557947064321,2012-03-20 17:16:07,Neutral,52.4564
179773970118213632,2012-03-14 03:40:29,Neutral,60.8405
179396278202011650,2012-03-13 02:39:40,Positive,64.0252
179266472206548993,2012-03-12 18:03:52,Positive,96.3953
178738083016093696,2012-03-11 07:04:14,Positive,78.7253
178666561123524609,2012-03-11 02:20:02,Positive,95.5711
177817138508218369,2012-03-08 18:04:44,Neutral,57.1508
176573575938060288,2012-03-05 07:43:15,Neutral,51.1585
174453338048434176,2012-02-28 11:18:11,Positive,85.5227
172045945213685761,2012-02-21 19:52:04,Negative,75.8019
171328279251386368,2012-02-19 20:20:19,Neutral,61.3746
170539262436065283,2012-02-17 16:05:03,Positive,83.3851
170383509163216896,2012-02-17 05:46:08,Positive,71.4220
170381859690250240,2012-02-17 05:39:35,Positive,65.6708
167506407174844416,2012-02-09 07:13:34,Neutral,50.0000
164566996044877824,2012-02-01 04:33:24,Positive,98.1979
164151109773041664,2012-01-31 01:00:49,Neutral,57.6558
161498815654932480,2012-01-23 17:21:32,Negative,68.4660
160224375554060288,2012-01-20 04:57:22,Positive,85.7984
158663686112821248,2012-01-15 21:35:45,Neutral,54.8247
158364001313619969,2012-01-15 01:44:54,Positive,99.9253
157389284473704448,2012-01-12 09:11:44,Positive,97.4445
154370080061399040,2012-01-04 01:14:29,Neutral,55.0319
152244647509491714,2011-12-29 04:28:47,Neutral,53.3702
144964741218041856,2011-12-09 02:21:02,Negative,81.6872
144822299323928576,2011-12-08 16:55:01,Negative,97.0565
144240435580248064,2011-12-07 02:22:54,Negative,65.9050
144140805098045440,2011-12-06 19:47:00,Neutral,50.0000
144138558159065088,2011-12-06 19:38:04,Positive,66.4898
143938766208385024,2011-12-06 06:24:10,Negative,78.5898
141223193523404800,2011-11-28 18:33:27,Neutral,61.8426
141222115604045824,2011-11-28 18:29:10,Negative,71.7252
141176554016342017,2011-11-28 15:28:08,Neutral,53.3803
139613191893291008,2011-11-24 07:55:53,Neutral,53.8434
138100240069820416,2011-11-20 03:43:57,Positive,92.0411
137962339285737473,2011-11-19 18:35:59,Negative,68.8600
137619418850148352,2011-11-18 19:53:20,Positive,92.7387
128873485098434561,2011-10-25 16:40:07,Neutral,52.9863
127513494475112449,2011-10-21 22:36:00,Neutral,50.0000
123625272317722624,2011-10-11 05:05:36,Positive,98.4690
122291575740043265,2011-10-07 12:45:58,Neutral,55.1707
121798161583964160,2011-10-06 04:05:19,Negative,94.3106
120902739084578816,2011-10-03 16:47:13,Neutral,53.6237
120890194508525569,2011-10-03 15:57:23,Positive,76.1767
119440610900971521,2011-09-29 15:57:15,Positive,99.6130
119035578724519936,2011-09-28 13:07:48,Positive,96.2419
116067904499359744,2011-09-20 08:35:19,Neutral,53.0778
115837103815921664,2011-09-19 17:18:12,Positive,90.9075
115243108853235712,2011-09-18 01:57:52,Positive,66.5713
115064754757828608,2011-09-17 14:09:09,Neutral,51.7148
114627215756496896,2011-09-16 09:10:32,Positive,69.0831
114622740727734272,2011-09-16 08:52:45,Positive,99.8603
111463618935144449,2011-09-07 15:39:32,Positive,95.9168
111455549463343104,2011-09-07 15:07:28,Positive,90.0009
109650217112047616,2011-09-02 15:33:43,Positive,67.1674
108559330617466881,2011-08-30 15:18:56,Positive,74.4640
108197962252959745,2011-08-29 15:22:59,Neutral,52.7511
107497178506870784,2011-08-27 16:58:19,Negative,93.7500
104213361910226944,2011-08-18 15:29:36,Negative,63.2859
104048984942854144,2011-08-18 04:36:25,Negative,76.2379
103881381570027520,2011-08-17 17:30:26,Negative,91.7159
102807778535550976,2011-08-14 18:24:19,Neutral,55.0988
102806930011066368,2011-08-14 18:20:56,Positive,88.4302
102806878496624641,2011-08-14 18:20:44,Positive,77.5426
102806462174199809,2011-08-14 18:19:05,Positive,64.0252
101559131944648705,2011-08-11 07:42:38,Positive,91.1707
95926153239465985,2011-07-26 18:39:11,Positive,65.5851
94700294222528512,2011-07-23 09:28:04,Positive,85.1679
94675943406321664,2011-07-23 07:51:18,Positive,88.9718
94652289557606400,2011-07-23 06:17:19,Neutral,60.7816
94644263161298944,2011-07-23 05:45:25,Negative,67.3938
94640458944352257,2011-07-23 05:30:18,Positive,66.9835
94091512299782144,2011-07-21 17:08:59,Neutral,53.8343
90545199301931008,2011-07-11 22:17:12,Positive,66.1190
81747334081425408,2011-06-17 15:37:37,Negative,79.9228
71426290904870912,2011-05-20 04:05:29,Neutral,58.8562
70363392422060032,2011-05-17 05:41:54,Neutral,55.4335
69769840470130688,2011-05-15 14:23:20,Neutral,52.9309
69719485673766912,2011-05-15 11:03:15,Positive,90.7900
69717009407029249,2011-05-15 10:53:24,Negative,63.5751
69715782615044096,2011-05-15 10:48:32,Positive,67.0318
69245880905117696,2011-05-14 03:41:19,Neutral,52.6617
57473094046068736,2011-04-11 16:00:28,Positive,70.0900
56398531711344641,2011-04-08 16:50:32,Negative,72.6240
48069915982299137,2011-03-16 17:15:35,Neutral,60.2551
47168653774434304,2011-03-14 05:34:18,Neutral,55.8429
44844865267318784,2011-03-07 19:40:23,Positive,72.3955
44452485955461120,2011-03-06 17:41:13,Neutral,56.2551
43990005068218369,2011-03-05 11:03:29,Positive,77.5273
42112309908217856,2011-02-28 06:42:11,Positive,68.1821
41856828295876608,2011-02-27 13:47:00,Neutral,50.9396
37948507352473600,2011-02-16 18:56:43,Neutral,62.0840
